상품명,품사
테이트,NNP
남성,NNG
셀린,NNP
니트,NNG
3,SN
종,NNG
여성,NNG
오모,NNG
떼,NNG
레이스,NNG
파운데이션,NNG
브라,NNP
CERINI,SL
by,SL
PAT,SL
소프트,NNG
기모,NNG
릴렉스,NNP
팬츠,NNG
보코,NNP
리,NNP
버시,NNP
블,NNG
무스탕,NNG
풀,NNG
패키지,NNG
크로커다일,NNG
The,SL
편안,NNG
한,XSA+ETM
코튼,NNG
팬티,NNG
4,SN
세트,NNG
에,IC
코라,NNP
믹,NNG
통주,NNG
물,NNG
스톤,NNP
냄비,NNG
360,SN
도,NNBC
텐션,NNG
업,NNG
시즌,NNG
그렉,NNP
노먼,NNP
구스,NNP
다운,XSA+ETM
롱,NNG
벤치,NNG
코트,NNG
뽕,MAG
셰프,NNP
이봉원,NNP
특갈비탕,UNKNOWN
12,SN
팩,NNG
국내,NNG
산,XSN
손질,NNG
갑오징어,NNG
8,SN
멋진,VA+ETM
밥상,NNG
흥양,NNP
농협,NNG
햅쌀,NNG
20,SN
kg,SL
비버리,NNP
힐스,NNP
폴로,NNP
클럽,NNG
기초,NNG
(,SSO
2018,SN
FW,SL
골드,NNP
),SSC
우리,NP
바다,NNG
왕,NNG
꼬막,NNG
24,SN
푸마,NNP
에어,NNG
핏,NNG
서포트,NNG
15,SN
+,SY
일시불,NNG
LG,SL
통돌,NNG
이,JKS
세탁기,NNG
무이자,NNG
마리노,NNP
밍크,NNG
헤,IC
스티지,NNP
엘레나,NNP
라쿤,NNP
양가죽,NNG
콤비,NNG
로베르타,NNP
디,NNG
까,MAJ
메리노,NNG
올,MM
지퍼,NNG
캐시,NNG
터치,NNG
터틀넥,NNG
레이,NNG
프릴,NNG
무빙,NNG
맥시,NNG
커버,NNG
벨라,NNG
홈,NNG
논,VV+ETM
슬립,NNG
옷걸이,NNG
직,NNG
매입,NNG
종근당,NNP
건강,NNG
아이,NNG
클리어,NNP
루테인,NNG
NNF,SL
쿠션,NNG
퍼,VV+EC
자켓,NNG
베스트,NNG
쿠,NNP
첸,NNP
풀스,NNG
텐,NR
압력,NNG
밥솥,NNG
10,SN
인용,NNG
A,SL
1,SN
6,SN
린나,NNP
이,MM
간편,XR
쿡,MAG
자동,NNG
불꽃,NNG
조절,NNG
가스레인지,NNG
구,NR
2,SN
하늘,NNG
내린,VV+ETM
용대리,NNP
황태,NNG
미,NNG
안동,NNP
간고등어,NNG
SPC,SL
삼립,NNG
한입,NNG
호빵,NNP
13,SN
봉,NNG
혼합,NNG
",",SC
팥,NNG
야채,NNG
5,SN
단일,NNG
먹,VV
자,EC
꽃게,NNG
7,SN
키친,NNP
플라워,NNP
대용량,NNG
디지털,NNG
에어,NNP
프라이어,NNP
L,SL
피시,NNG
원,NNG
손,NNG
질,XSN
대구,NNP
*,SY
매운탕,NNG
양념,NNG
코튼,NNP
라이,NNP
크라,NNP
드로즈,NNP
INNO,SL
심리,NNG
스,XSN
드라이,NNP
셀라,NNG
인,VCP+ETM
뉴,NNG
런닝,NNG
9,SN
전자,NNG
매직,NNG
스페이스,NNG
냉장고,NNG
울트라,NNG
HD,SL
TV,SL
55,SN
UK,SL
6800,SN
HNC,SL
65,SN
70,SN
7400,SN
KNA,SL
레이스,NNP
웜,NNG
셀,VV+ETM
치마,NNG
레깅스,NNG
펨,UNKNOWN
미들,NNG
부츠,NNG
천연,MAG
담,VV
아,EC
명품,NNG
다시,MAG
팩,MAG
100,SN
포,NNG
엘렌,NNP
실라,NNP
달팽이,NNP
크림,NNG
콜라겐,NNG
트,NNG
노벨라,NNG
백,NR
한,MM
일,NR
스텐,NNG
분쇄,NNG
서기,NNG
도,JX
냄,NNG
쿠쿠,NNP
전기밥솥,NNG
청정,NNP
수산,NNP
완도,NNP
활전,NNG
복,NNG
35,SN
영산포,NNP
숙성,NNP
홍어,NNG
무침,NNG
통,NNBC
차,NNBC
NEW,SL
트렁크,NNG
노비타,NNP
스마트,NNP
비데,NNG
제주,NNP
농장,NNG
유기,NNG
양배추,NNG
진액,NNG
120,SN
코,NNG
이모,NNG
리빙,NNG
박스,NNG
커브,NNG
드,NNG
쉐이,NNP
핑,NNP
란,NNP
쥬,NNP
소,XPN
들녘,NNG
소,NNG
갈비탕,NNG
스,IC
포,MAG
메,VV+EC
틱,MAG
리얼,NNP
핏,NNP
모이스,NNP
춰,VV+EC
라이징,NNP
코코넛,NNG
[,SSO
가이거,NNP
],SSC
제니스,NNP
시계,NNG
주얼,NNG
리세트,NNP
스칼프,NNP
솔루션,NNP
트리트,NNP
먼,VA+ETM
아문센,NNP
윈터,NNP
하드,NNP
쉘,NNP
마담,NNG
팰리스,NNG
프런트,NNG
후크,NNG
데오,NNP
K,SL
-,SY
SWISS,SL
티셔츠,NNG
a,SL
팽현숙,NNP
의,JKG
순대,NNG
곱창,NNG
전골,NNG
&,SY
볶음,NNG
전립,NNG
쎈,VA+ETM
프라임,NNG
마리,NNP
끌레르,NNP
파리,NNP
컬렉션,NNG
리얼,NNG
하이드로,NNG
립스틱,NNG
리뉴,NNP
얼,NNG
아리스,NNP
토우,NNG
스위스,NNP
밀리터리,NNP
전동,NNG
공구,NNG
도네,NNP
스웨터,NNG
더블,NNG
엑스,NNG
니퍼,NNG
미투,NNP
니카,NNP
하이,NNG
란,VCP+ETM
믹,NNP
컬링,NNP
프라이팬,NNG
안심,NNG
벌꿀,NNG
병,NNG
메디,NNP
쉴드,NNP
목,NNG
견인,NNG
기기,NNG
더,MAG
맛있,VA
는,ETM
돼지,NNG
구이,NNG
에버라스트,NNP
기능,NNG
성,XSN
로,JKB
동내,NNG
폭스,NNP
퍼구,NNG
패딩,NNG
더블유,NNP
베일,NNG
킨,XSV+ETN+JX
카라,NNP
머스크랫,NNG
천수,NNG
봉명,NNG
선재,NNG
전통,NNG
메주,NNG
카파,NNP
카파,NNG
로이,NNP
몬스터,NNP
남녀,NNG
후드,NNG
삼성,NNP
노트북,NNG
메탈,NNG
고급,NNG
형,XSN
NT,SL
900,SN
X,SL
J,SL
28,SN
기본,NNG
14,SN
트랙,NNG
수트,NNP
황후,NNG
코르셋,NNG
하,VV
이웨,EC
이스트,NNP
임페리얼,NNP
본딩,NNP
발란스,NNP
테크,NNP
콘체르토,NNG
다이아몬드,NNP
워치,NNP
주,NNG
얼리,NNG
트리플,NNG
모즈,NNP
커피,NNG
머신,NNG
미니,NNG
오븐,NNG
한라,NNP
천,NR
혜향,NNG
베지,NNG
밀,VV+ETM
검은콩,NNG
두유,NNG
96,SN
아이오,NNG
진공,NNG
포장기,NNG
궁중,NNG
새우,NNG
200,SN
미,NNBC
동태,NNG
g,SL
정직,NNG
안창살,NNG
갈비,NNG
살구,NNG
이,VCP
세인트,NNP
스코트,NNP
얼티밋,NNP
캐리어,NNG
락앤락,NNP
블랙우드,NNP
칼,NNP
블럭,NNP
툴,NNP
참,NNG
소쿠리,NNG
도스,NNG
문,NNG
카이만,NNG
엠,NNG
보,NNG
소가죽,NNG
핸드백,NNG
퀼팅,NNG
비,XPN
스프리,NNP
온,MM
테이블,NNG
밀폐,NNG+JX
용기,NNG
에버,NNG
화,XSN
그릴,NNG
UHD,SL
UN,SL
NU,SL
7010,SN
FXKR,SL
75,SN
몬테,NNP
밀라노,NNP
어메이징,NNP
하이,NNP
웨스트,NNP
삼,NR
순홍,NNG
삼진,NNG
백,NNP
메시,NNG
제,XSN
퍼,NNG
스킨,NNG
씨,NNG
엔지,JKB+VCP+EC
코리아,NNP
방역,NNG
용,XSN
마스크,NNG
KF,SL
94,SN
60,SN
매,NNBC
대학,NNG
찰,VV+ETM
옥수수,NNG
30,SN
개,NNBC
전철우,NNP
소갈비,NNG
살,VV
구,EC
수협,NNG
자연산,NNG
옥돔,NNG
갈치,NNG
올리,VV
고,EC
가스,NNG
와,JC
이드,NNG
그릴,VV+ETM
레인지,NNG
프리미엄,NNG
울,VV+ETM
렌,NNG
딩,NNG
코디,NNG
AAE,SL
LA,SL
컬럼비아,NNP
옴니,NNP
위크,NNP
히트,NNG
머슬,NNP
언더셔츠,NNG
남영,NNP
비비안,NNP
Dream,SL
Fit,SL
헤스,NNP
벨,NNG
업,VV
란,ETM
쉐이퍼,NNP
블루스,NNP
카이,NNP
공기,NNG
청정기,NNP
AX,SL
40,SN
N,SL
3080,SN
DMD,SL
건조기,NNG
블랙,NNG
케,XSV+EC
비어,NNG
DV,SL
90,SN
M,SL
53,SN
B,SL
0,SN
QV,SL
화이트,NNP
QW,SL
녹스,NNP
실버,NNP
QP,SL
분,NNBC
문어,NNG
크리스티나,NNP
앤,NNG+JX
옛날,NNG
그,MM
쥐포,NNG
110,SN
장,NNG
11,SN
대우,NNG
미니건,NNP
조기,NNG
DWR,SL
03,SN
IDDC,SL
IDWH,SL
스마트,NNG
투,NR
인원,NNG
티,NNG
메이커,NNG
니트웨어,NNG
마스,NNP
케라,NNP
니팅,NNG
모자,NNG
머플러,NNG
해피콜,NNP
IH,SL
에디션,NNP
구워,VV+EC
만든,VV+ETM
곡물,NNG
그대로,MAG
21,SN
오리지널,NNG
크린,NNP
조이,NNG
황사,NNG
대형,NNG
105,SN
소형,NNG
생산,NNG
락,VCP+EC
심플,NNP
17,SN
캐,VV
시,EP
라,EC
이크,IC
쓰임,NNG
마호가니,NNG
원목,NNG
도마,NNG
로벤,NNP
탈,XPN
국내산,NNG
팬,NNG
中,NNG
사이즈,NNG
26,SN
장보고,NNP
완,NNP
매생,NNG
클,VA+ETM
레린,NNP
시그,NNP
니,VCP+EC
처,NNG
플러스,NNG
집,NNG
홀릭,NNP
엘르,NNP
메르시,NNP
Merci,SL
토트백,NNG
세균,NNG
싹,NNG
행주,NNG
티슈,NNG
싱크,NNG
릴,NNG
분리,NNG
가능,NNG
양면,NNG
유로,NNG
피안,NNG
RS,SL
82,SN
6000,SN
S,SL
보루,NNG
네오,NNP
루나,NNG
탑,NNG
멀티,NNG
수납,NNG
LED,SL
침대,NNG
SS,SL
슈퍼,NNG
싱글,NNG
Q,SL
퀸,NNP
킹,NNP
레이프,NNP
릴,NNP
라벨,NNG
란,NNG
쥬,VCP+EF
아키,NNP
조끼,NNG
보정,NNG
약기,NNG
모,MM
프로,NNG
메가,NNP
오메가,NNG
파워,NNG
그램,NNG
인치,NNBC
Z,SL
980,SN
.,SY
AR,SL
DK,SL
G,SL
특집,NNG
이롬,NNP
황성주,NNP
일,NNBC
생식,NNG
스페셜,NNP
아이,IC
넥스,NNP
선반,NNG
글라스,NNG
통째,NNG
착즙,NNG
루비,NNG
석류,NNG
즙,NNG
84,SN
통,NNG
오징어,NNG
국민,NNG
파시노,NNP
지앤,NNP
퀵,NNG
빗살,NNG
뿌리,NNG
펌,NNG
월드컵,NNG
워킹,NNG
온,VV+ETM
가,VV+EC
세렌,NNP
셉,NNG
템,NNG
버,NNP
다이아,NNP
체크,NNG
압축,NNG
하이브리드,NNG
인덕션,NNP
레인지,NNP
루이,NNP
바셋,NNP
달바,NNP
트,VV
러,EC
플,VX+ETM
퍼스트,NNG
인,NNG
시브,NNG
세,MM
럼,NNBC
일,NNG
삼익,NNP
가구,NNG
제니,NNP
서랍,NNG
무,NNG
강원도,NNP
양구,NNG
시래기,NNG
들깨,NNG
페이스,NNG
재킷,NNG
심,NNP
리스,NNP
블랙,NNP
컴포트,NNP
앤,NNP
사마,NNG
루,JKB
행거,NNG
단,NNG
쌀,NNG
칼리,NNP
베이직,NNP
체어,NNG
피,NNG
쿡,NNP
키친,NNG
아트,NNG
바로,MAG
무선,NNG
청소기,NNG
올바로,MAG
바른,VA+ETM
자세,NNG
밴드,NNG
캘리포니아,NNP
카라카라,NNG
오렌지,NNG
셀,NNP
퓨,NNP
징,NNP
드라이,NNG
아가타,NNP
트랩,NNG
미라클,NNP
퍼펙트,NNP
클린,NNP
선일,NNG
금고,NNG
이,NR
볼,VV+ETM
브,NNP
시리즈,NNG
EV,SL
040,SN
020,SN
메리노,NNP
아쿠아,NNP
마레,NNG
닥터,NNG
한샘,NNP
HG,SL
슬림,NNP
붙박이장,NNG
m,SL
가디건,NNG
김정문,NNP
섬진강,NNP
재첩국,NNP
봄,NNG
에르나,NNP
벨,NNP
배색,NNG
데일리,NNP
트렌치코트,NNG
그레이스,NNP
마론,NNP
김병만,NNP
달,NNG
디보,NNP
大,XPN
특,UNKNOWN
앙상블,NNG
데이,NNG
유기농,NNG
순면,NNG
여자,NNG
를,JKO
위한,VV+ETM
빨강,NNG
팥물,NNG
레드,NNP
빈,VV+ETM
톡,NNG
50,SN
진나,NNP
이프케,NNP
어,IC
살균,NNG
엔셀라두스,NNP
밴,VV+ETM
다이얼,NNP
트레,NNP
에지리,NNP
스텐,NNP
큐브,NNP
베스트,NNP
하임,NNP
풀,NNP
커버,NNP
106,SN
트레이닝,NNG
노,NNP
에,JKB
스프링,NNP
비추,VV
얼,EC
지,EC
라이프,NNG
데님,NNG
뱅뱅,MAG
인용,NNP
뉴,NNP
퍼,NNP
R,SL
클라이너,NNP
ARS,SL
%),SY
트렌치,NNG
캐,NNG
쥬얼,NNP
슈즈,NNG
소노,NNG
르,NNG
베르사유,NNP
노와,NNG
어,EC
퓨리,NNP
케어,NNG
AS,SL
281,SN
DAW,SL
181,SN
생활,NNG
장,NNBC
빨래,NNG
굿,NNG
프렌드,NNG
클리너,NNG
맥,NNG
2019,SN
/,SC
엘리자베스,NNP
아덴,NNP
선글라스,NNG
삭,NNP
루츠,NNP
크로스,NNP
바디,NNP
TQ,SL
버켓,NNP
18,SN
삭,MAG
루츠,NNG
웨이,NNG
어반,NNP
코드,NNG
950,SN
958,SN
IA,SL
940,SN
948,SN
SA,SL
930,SN
938,SN
RA,SL
싱글,MAG
년,NNBC
숀리,NNP
스,NNP
쿼트,NNG
스프,NNG
리스,NNG
스니커즈,NNP
아주,MAG
아,IC
탑,NNP
레이어,NNP
긴팔,NNG
끈,NNG
6200,SN
KNB,SL
아트,NNP
뷰,NNP
휘,NNG
센,VA+ETM
에어컨,NNG
위너,NNP
FQ,SL
V,SL
WWJ,SL
in,SL
스탠드,NNG
7000,SN
80,SN
7580,SN
WDD,SL
WWA,SL
프레쉬,NNP
네츄럴,NNP
선스,NNP
틱,NNG
19,SN
신제품,NNG
무풍,NNG
AF,SL
16,SN
5773,SN
WSR,SL
WSK,SL
락,NNG
토,XSV+EC
생,XPN
유산균,NNG
단하,NNG
너,NP
아웃도어,NNG
바스,NNP
내추럴,NNG
하부,NNG
장형,NNG
키,NNG
큰,VA+ETM
BBC,SL
IZUMI,SL
플라,NNP
델,NNP
텀블러,NNG
블랜더,NNG
스피드,NNP
랙,NNP
단,MM
하임,NNG
담백,XR
Y,SL
밸런스,NNG
정글,NNG
피싱,NNP
낚시,NNG
플로,NNP
트윙클,NNP
아일,NNP
렛,NNP
베이스,NNP
후라이팬,NNG
이만기,NNP
국밥,NNG
27,SN
스타,NNG
네페르티티,NNP
제,MM
옥스,NNP
가죽,NNG
어글리,NNP
김병지,NNP
거미,NNG
확장,NNG
일체,NNG
코일,NNG
카,NNG
매트,NNG
리복,NNP
윅,NNP
델타,NNG
피트,NNG
니스,NNG
7050,SN
F,SL
오가,VV+EC
닉,NNP
쉬,MAG
프리,NNG
컷,NNG
마카롱,NNG
살롱,NNG
클리닉,NNG
샤이닝,NNP
헤어,NNG
컬러,NNG
에이유,NNP
플러스,NNP
1001,SN
쇼퍼,NNP
언더,NNG
시트,NNG
퍼퓸,NNP
드,NNP
몽드,NNP
본죽,NNP
그때,NNG
쇠고기,NNG
장조림,NNG
총,MM
디키,NNG
즈,XSN
윈드브레이커,NNG
파,NNG
뷔,NNG
항균,NNG
도어,NNG
H,SL
9000,SN
RH,SL
81,SN
8011,SN
엑,NNP
티,NNP
워시,NNP
WA,SL
6781,SN
TG,SL
감탄,NNG
밀,NNG
렌즈,NNG
주,NNBC
분,XSN
!,SF
전,MM
용보,NNG
틀,NNG
성인,NNG
테디,NNP
움,NNP
점퍼,NNG
아동,NNG
캐주얼,NNG
셔츠,NNG
스타일러,NNP
의류,NNG
관리기,NNG
벌,NNBC
BB,SL
스텔라,NNP
테일러,NNP
스트레치,NNP
네,MM
오,NR
유로,NNBC
USPA,SL
폴로셔츠,NNG
메디컬,NNP
드림,NNP
롤링,NNP
마사,NNP
지기,NNG
KMD,SL
970,SN
레코바,NNP
다이얼,NNG
트리플,NNP
데,NNB
베,VV+EC
논,VX+ETM
앰,NNP
플,NNG
아르마,NNP
오렐리,NNP
안,NNG
풍기,NNG
인견,NNG
수,NNG
피마,NNG
트레스패스,NNP
뷰티플,NNP
렉스,NNP
안드레아,NNP
바나,NNP
악어,NNG
바디,NNG
숄더백,NNG
테일,NNG
실크,NNG
트리,NNG
쿨,NNP
지탑,NNG
속초,NNG
명물,NNG
티각태각,MAG
부각,NNG
쿨,NNG
보,NNP
수,NNBC
피그,NNG
워싱,NNP
침구,NNG
영광,NNP
生,XPN
모시,NNG
떡,NNG
!(,SY
동부,NNG
기피,NNG
검정깨,NNG
찰보리,NNP
식혜,NNG
시크릿,NNP
라메,NNP
종,NNP
볼륨,NNP
스프레이,NNP
데기,NNG
사파리,NNG
전기식,NNP
회,NNP
드럼,NNG
유귀열,NNP
귀한,VA+ETM
갓김치,NNG
총각김치,NNG
헤드,NNG
파이,NNG
라이트,NNP
라이트,NNG
장수,NNG
흙,NNG
썸,NNG
덱스,NNP
클레오,NNP
여행,NNG
가방,NNG
레이시,NNP
호텔,NNG
식,NNB
레일,NNG
암막,NNG
커튼,NNG
중형,NNG
특대,NNG
리앤,NNP
볼륨,NNG
카페,NNG
송도순,NNP
세대,NNG
맷돌,NNG
경남,NNP
제약,NNG
레모,NNP
나,JC
산,NNG
350,SN
러닝,NNG
쉐프,NNP
리터,NNBC
듀얼,NNG
최인선,NNP
듬뿍,MAG
곤드레,MAG
나물밥,NNG
인분,NNG
센,NNG
씽,MAG
큐,MAG
IN,SL
형,NNG
KWA,SL
소노,NNP
르,NNP
TS,SL
샴푸,NNG
추가,NNG
DIOR,SL
SIDERAL,SL
브,VX
23,SN
가자미,NNG
36,SN
아스,NNG
PK,SL
프랑스,NNP
직수입,NNG
테팔,NNP
매직,NNP
핸즈,NNP
벨레즈,NNP
캡,XPN
원피스,NNG
초,XPN
특가,NNG
팬지,NNG
바다,NNP
아구,NNG
채,MAG
양태,NNG
쥐,NNG
포채,NNG
소스,NNG
마리벨,NNP
P,SL
에스,NNP
앙상블,NNP
체인,NNG
효,NNG
재,XPN
자수,NNG
광목,NNG
침,NNP
구세트,NNP
AAB,SL
곱창전골,NNG
800,SN
x,SL
피,XPN
올레,NNG
연소,XR
소파,NNG
프라다,NNP
테스,NNG
레터링,NNG
버킷,NNG
텔,NNG
피닉스,NNG
테,NNP
스토,NNP
투,NNP
웨이,NNP
자,NNG
카드,NNG
벽걸이,NNG
DOZ,SL
06,SN
JK,SL
TDOZ,SL
젠트,NNP
웰,NNP
스트레치,NNG
간장,NNG
전,NNG
복장,NNG
기라,NNG
올인원,NNG
썸머,NNP
라이프,NNP
남,VV
주,VX
니,EC
웨,VV
여아,NNG
주니어,NNG
생선,NNG
대,NNBC
광어,NNG
고등어,NNG
흑,IC
퍼,VX+EC
클래식,NNG
유리,NNG
조,NNG
뉴질랜드,NNP
초록,NNG
입,NNG
홍합,NNG
환,NNG
%,SY
로브,NNG
큅,NNP
블렌더,NNP
RPM,SL
CUBE,SL
차,NNP
모달,NNP
마르,NNP
엘라,NNP
로사티,NNP
메일,VV+ETM
래,EF
쿨란,NNP
모데나,NNP
슬라이딩,NNG
블라우스,NNG
모리츠,NNP
서큘레이터,NNG
차량,NNG
샐비어,NNG
시어서커,NNG
리플,NNG
통풍,NNG
위켄드,NNP
반팔,NNG
여름,NNG
어윈,NNP
몽트,NNP
이너,NNG
릴리,NNP
젼,NNG
누스,NNG
시공,NNG
뉴욕,NNP
맘,NNG
목화솜,NNG
그린,VV+ETM
선,NNG
메,NNP
쉬,NNP
아이스,NNP
법랑,NNG
바흐,NNP
쿠,MAG
진,VV+ETM
통구이,NNG
스핀,NNG
바비큐,NNG
와이드,NNG
마이,MAG
비,VV+EC
보,VX
온,EC
냉,XPN
캔,NNG
틴,NNG
사용,NNG
불가,NNG
미리,MAG
구운,VV+ETM
장어,NNG
투홀,NNG
릭,NNG
이온,NNG
셀프,NNG
머,VCP+EC
샌들,NNG
휴,NNP
롬,NNP
쁘띠,NNP
착즙기,NNG
복부,NNG
쉐,MAG
핑,NNG
거들,VV+ETM
라라,NNG
쎄,NNG
폰,NNG
롤,NNG
가격,NNG
인하,NNG
타운,NNP
정장,NNG
디키,NNP
즈,NNP
상하,NNG
DRY,SL
CELL,SL
컵,NNG
ARC,SL
NQT,SL
07,SN
VBC,SL
삶,NNG
BW,SL
700,SN
코,NNP
플리츠,NNG
로즈버드,NNP
보정,NNP
완벽,NNG
구성,NNG
톡,MAG
싱크대,NNG
거름통,NNG
오스터,NNP
코치,NNP
리타,NNG
릿,NNB
코치,NNG
아웃,NNG
라인,NNG
파일,NNG
니,JC
처,IC
켈시,NNP
사첼,NNP
블랙스톤,NNP
뉴트,NNP
리원,NNG
다이어트,NNG
구미,NNG
비노,NNG
체인지,NNG
글로스,NNP
룰,NNP
대웅,NNP
모닝,NNP
컴,NNP
선풍기,NNG
트로이카,NNG
"""",SY
""",",SY
이지스,NNP
자외선,NNG
힐링,NNG
스포츠,NNG
코펜하겐,NNP
럭스,NNG
세미,NNG
칼,NNG
슬리퍼,NNG
호보,NNP
48,SN
더플백,NNG
49,SN
경제,NNG
원장,NNG
힘찬,VA+ETM
선식,NNG
쉐,NNG
이,JKC
커,VV+EC
센타,NNP
선크림,NNG
카타,NNG
페이지,NNP
랜덤,NNG
메이,NNP
듀,NNP
린,NNG
넨,XPN+JX
렌디,NNP
블러,NNP
프리바,NNP
이오,NNG
틱,XSN
바바,NNP
코코,NNP
젤,NNP
네일스,NNP
트립,NNG
SET,SL
댄스,NNG
매쉬,NNG
광동,NNG
라쉬,NNP
반,NNG
］,SY
FC,SL
셀로,NNG
배관,NNG
청소,NNG
용품,NNG
뚜,NNG
러킹,NNP
와이드,NNP
삼성카드,NNP
월,NNBC
싱,NNP
큐,NNP
자,IC
닥터스,NNP
오더,NNG
탈모,NNG
부스터,NNG
비타민,NNG
D,SL
해물,NNG
철판,NNG
파격,NNG
가,XSN
무료,NNG
설치,NNG
꼬리곰탕,NNG
시스,NNP
마르스,NNG
보헤미안,NNG
뮬,NNG
폰,NNP
하동,NNG
처음,NNG
매실,NNG
원액,NNG
블랜딩,NNG
에너지,NNG
썬,VV+ETM
스틱,NNG
나파,NNG
휘,MAG
하프,NNG
알렉스,NNP
하운드,NNP
LSX,SL
라,VCP+EC
이크라,NNG
스포츠,NNP
엘사,NNP
자수,NNP
SK,SL
델타,NNP
피트,NNP
니스,NNP
트레일,NNP
캠프,NNP
오가,NNP
뷰티,NNG
번,NNBC
능이,NNG
누룽지,NNG
삼계탕,NNG
CD,SL
오델로,NNP
하이,IC
액티브,NNG
자미,NNG
코코,NNG
단,NNBC
매트릭스,NNG
듀엣,NNG
카메라,NNG
핸들,NNP
토트,NNP
플랫,NNG
타입,NNG
전자레인지,NNG
휴,IC
롬,NNG
퀴저,UNKNOWN
솔리드,NNP
식기,NNG
건조대,NNG
병어,NNG
황제,NNG
철갑상어,NNG
베네트,NNP
미네타,NNP
엠마,NNP
에코,NNP
바이런,NNP
호주,NNP
캄포,NNP
역,NNG
열무김치,NNG
웰스,NNP
락,NNP
원터치,NNG
슬라이드,NNG
특허,NNG
에스,NNG
까,VCP+EC
르고,NNP
에센스,NNP
스카프,NNG
안지,NNG
청풍,NNG
대자리,NNG
크롭,NNP
세일,NNG
추,NNBC
럴,UNKNOWN
휴대용,NNG
공,NNG
청기,NNG
AAD,SL
7573,SN
WZR,SL
WZK,SL
구름,NNG
그린,NNP
후레쉬,NNP
창녕,NNP
마늘,NNG
양파,NNG
하우,NNG
초,NNB
고속,NNG
킹,MAG
에어리,NNP
숏,NNP
츠,NNP
am,SL
보,VV
보온,NNG
레,NNP
노마,NNP
우,NNG
양산,NNG
윙,NNG
두꺼비,NNG
버블,NNG
수세미,NNG
400,SN
곰팡,NNG
젤,MAG
띠,NNG
순금,NNG
러브,NNP
목걸이,NNG
골드바,NNG
크로스,NNG
팔찌,NNG
신디,NNP
숏,NNG
믹서,NNG
품,VV
은,ETM
EXR,SL
워터,NNG
액티비티,NNG
프린트,NNG
링,NNP
쿠아트레,NNP
참존,NNP
뉴스,NNG
지이,NNG
링클,NNP
제조,NNG
오슬로,NNP
황토,NNG
방,NNG
청도,NNG
감,NNG
말,NNG
랭,NNG
체험,NNG
31,SN
타이거,NNG
충전,NNG
예초기,NNG
배터리,NNG
화원,NNG
젠,NNG
히비스커스,NNG
분말,NNG
안,MAG
타,VV
만능,NNG
CRP,SL
QS,SL
107,SN
FG,SL
FS,SL
반,NNP
레알,NNP
마드리드,NNP
팜스프링스,NNP
크루즈,NNP
이지,NNP
웨어,NNP
디즈니,NNP
팔스,NNP
웻,NNG
줄,NNG
랑,JKB
글로리아,NNG
에센셜,NNP
복합,NNG
대동,NNG
모피,NNG
W,SL
미즈,NNG
깐,MAJ
포기김치,NNG
백김치,NNG
이동수,NNP
골프,NNG
밴,NNG
이지,NNG
엔,JKB+JX
슬라이더,NNG
임성근,NNP
녹용,NNG
가,VV
탕,MAG
풀,VV+ETM
노크,NNG
831,SN
SN,SL
오델로,NNG
베르니,NNP
아,JKV
반지,NNG
귀걸이,NNG
필터,NNG
푸드,NNG
쇼,NNG
케이스,NNG
냉수마찰,NNG
보석함,NNG
바스트,NNG
한우,NNG
한판,NNG
하이넥,NNG
밍크코트,NNG
생,NNP
쥴,NNP
랑,JC
브릿지,NNP
미란다,NNP
피닉스,NNP
모터,NNP
보스턴,NNP
카로,NNG
든든,XR
콩국수,NNG
라라,IC
츄,MAG
틴트,NNG
브로우,NNP
바,NNB
사피아노,NNP
스퀘어,NNG
체인,NNP
모던,NNG
서장훈,NNP
칼도마,NNG
북,NNP
550,SN
EBE,SL
38,SN
기,NNG
스피커,NNG
34,SN
k,SL
인피니티,NNP
주,NNP
로보,NNP
터보,NNG
46,SN
RIM,SL
라운드,NNP
이정섭,NNP
비,NNG
가린,VV+ETM
배추김치,NNG
도루,MAG
면도기,NNG
면도날,NNG
현대,NNG
어찬,NNG
하림,NNG
뼈,NNG
없,VA
닭발,NNG
노송,NNG
제이드,NNP
비취,NNG
교자상,NNG
600,SN
꽃,NNG
상감,NNG
알,NNG
비에,NNG
마르티니,NNP
라쎄,NNP
지오,NNG
맵,NNG
마일드,NNP
오백,NNG
드로잉,NNG
호보,NNG
프리다,NNP
도트,NNG
펀칭,NNG
예천,NNG
청결,NNG
고춧가루,NNG
프론트,NNP
후크,NNP
마리,NNBC
130,SN
모션,NNG
VC,SL
44,SN
3150,SN
LB,SL
페플럼,NNG
제이,NNG
Fall,SL
',SY
set,SL
way,SL
타,VV+EC
꿀잠,NNG
매트리스,NNG
new,SL
코지마,NNP
안마,NNG
의자,NNG
오딧세이,NNG
진,NNG
실켓,NNG
살,NNG
3300,SN
개월,NNBC
메이드,NNP
제로,NR
플라이트,NNP
아이비,NNG
메신저,NNG
앤디,NNP
베니스,NNP
978,SN
AKOR,SL
엘,NNP
로엘,NNP
베이지,NNP
모크,NNP
넥,NNG
김선영,NNP
정성,NNG
한,XSV+ETM
끼,NNG
테라,NNG
에센스,NNG
루즈,NNP
풀오버,NNG
커,VA+EC
버리,VX
명인,NNG
김규,NNP
흔,XR
영양,NNG
강정,NNG
햇,IC
블루,NNP
콤,NNG
데시벨,NNG
블루투스,NNP
이어폰,NNG
BCS,SL
1000,SN
히말라야,NNP
핑크,NNP
솔트,NNP
치약,NNG
패브릭,NNG
고,MM
칼슘,NNG
호두,NNG
아몬드,NNG
절단,NNG
햇,XSV+EP
꽃,VV
게,EC
찜,NNG
란,JX
모나코,NNP
사,NNG
놀,VV+ETM
리얼,XR
니,XSA+EC
파팜,NNP
해,NNG
죽순,NNG
참바,NNG
다,MAG
낙지,NNG
양념장,NNG
연포탕,NNG
육수,NNG
잔,NNG
다리,NNG
두부,NNG
VONIN,SL
보닌,NNP
브람스,NNP
럭셔리,XR
ALL,SL
New,SL
스윙,NNG
물걸레,NNG
진공청소기,NNG
캐치온,NNP
수퍼,NNP
나인,NR
블랙박스,NNG
CH,SL
뱀부,NNP
뮤즈,NNP
에델,NNP
곰,NNG
솥,NNG
니,MM
봇,NNG
로봇,NNG
바치,NNP
마술,NNG
벨트,NNG
아미니,NNP
구찌,NNP
오버,NNG
우촌,NNG
등급,NNBC
리,NNBC
로스,NNG
골든,NNP
마스터,NNG
펌프스,NNG
식기세척기,NNG
터치,VV
RU,SL
7150,SN
TVUN,SL
중외,NNG
신약,NNG
빠르,VA
카,IC
통증,NNG
패치,NNG
에트,NNP
알마,NNP
898,SN
8063,SN
아르니카,NNG
503,SN
2388,SN
E,SL
552,SN
963,SN
2734,SN
푸,NNG
숄더,NNG
1495,SN
192,SN
푸,NNP
미,NNP
1493,SN
웨이스트,NNP
333,SN
엘리,NNP
플란넬,NNG
킹스,NNP
스파,NNP
편백,NNG
반신,NNG
욕기,NNG
마스카라,NNG
UM,SL
7900,SN
BNA,SL
블링,NNG
데스트,NNP
아이라이너,NNG
467,SN
_,SY
딤채,NNP
김치냉장고,NNG
클라라,NNP
머스트,NNG
해,XSV+EC
워,NNG
6360,SN
BG,SL
마모트,NNG
네이처,NNP
앱,NNG
할,XSV+ETM
리,NNB
라이닝,NNG
패션,NNG
올,VV+ETM
클렌징,NNG
패드,NNG
농부,NNG
신,XPN
수산물,NNG
밀레,NNP
푸쉬,NNP
아카시아,NNG
꿀,NNG
야생,NNG
스팀,NNG
큐,NNG
다리미,NNG
세라믹,NNG
동백,NNG
차렵,NNG
광폭,NNG
서랍장,NNG
노라,NNG
실리,NNG
만,JX
바두,NNP
기,ETN
바리캉,NNG
제작,NNG
고밀도,NNP
무,XPN
농약,NNG
비트,NNG
간,NNB
절기,NNG
KQE,SL
251,SN
253,SN
255,SN
GQE,SL
772,SN
774,SN
776,SN
맨투맨,NNG
다지기,NNG
델라,NNP
베드,NNG
룸,NNG
프레임,NNG
화장대,NNG
협,NNG
탁,NNG
거,NNB
실장,NNG
셀,NNG
WARM,SL
집어,NNG
라운드,NNG
지갑,NNG
지오,NNP
울버튼,NNP
케이프,NNP
스톨,NNG
숄,NNG
입체,NNG
옛,MM
가마솥,NNG
잡,VV
점보,NNG
일월,NNG
온수,NNG
오이소박이,NNG
김정배,NNP
젓갈,NNG
갈란테,NNP
꼬마,NNG
품안,NNG
애,NNG
킹사이즈,NNG
사이즈,NNP
라니,VCP+EC
퍼니,MAG
트라이,NNG
브라이트,NNP
전등,NNG
PN,SL
풍년,NNG
꾸,VV
노,EC
죽제,NNG
롱,NNP
DELL,SL
플렉시블,NNG
웨지,NNG
온열,NNG
헤,NNP
한국인,NNG
모유,NNG
유래,NNG
BNR,SL
날,VV+ETM
씬,NNB+JX
코즈,NNP
쑥,NNG
클렌,NNP
져,NNG
센스,NNG
하우스,NNP
이조,NR
농,NNG
보령,NNG
카우치,NNP
TC,SL
안국,NNG
젠,NNBC+JX
에이지,NNP
큐어,NNP
원미,NNG
닛,UNKNOWN
리프트,NNG
드롱,NNP
세이브,NNG
발레리,NNP
RYN,SL
웨이브,NNP
페르소나,NNG
고기능,NNG
안전,NNG
코팅,NNG
발렌티노,NNP
루디,NNP
헤링본,NNG
천연,NNG
다이아,NNG
"%,",SY
참조기,NNG
사운드,NNP
룩,NNP
LP,SL
턴테이블,NNG
오디오,NNG
SLT,SL
5080,SN
PRO,SL
7080,SN
BT,SL
서울대,NNP
바이오,NNP
41,SN
25,SN
헤라,NNG
러쉬,NNP
라운지,NNG
라벨,NNP
남성기,NNP
모티,NNP
거창,NNP
특등,NNG
급,NNG
사과,NNG
커진,VA+EC+VX+ETM
창,NNG
레스,NNP
수액,NNG
실속,NNG
인버터,NNG
COV,SL
i,SL
230,SN
KGF,SL
센티멘탈,NNP
디,NNP
퓨저,NNP
코너,NNG
비앙코,NNP
볼,NNG
스톰,NNP
알파,NNG
쇼,VCP+EP+EF
츠,IC
블랙모어,NNP
알티,NNP
지,NNP
메디아,NNP
글램,NNP
클러치,NNG
폼,NNG
니트,NNP
37,SN
한솔,NNP
청,NNG
로마,NNP
레어,NNP
메모리,NNP
보국,NNG
히터,NNG
BKH,SL
1083,SN
PR,SL
카세,NNP
한빛,NNP
페르시안,NNP
스타일,NNG
셔닐,NNG
붙이,VV
따스,XR
림,NNG
단열,NNG
벽지,NNG
미터,NNG
미터,NNBC
에어포스,NNP
웜,NNP
파스텔,NNG
핑크,NNG
김천,NNP
샤인,NNP
머스켓,NNP
~,SY
토닉,NNG
러그,NNG
스튜디오,NNG
스튜디오,NNP
럭스,NNP
후드,NNP
라일라,NNP
더블,NNP
미아,NNG
라지,NNP
로베,NNP
ROBE,SL
헤르,NNG
착,MAG
번,VV+ETM
극,NNG
세사,NNG
이보은,NNP
삽,NR
겹,NNBC
221,SN
폴,NNG
헤어드라이어,NNG
서,JKB
신안,NNG
생물,NNG
생새우,NNG
스타디움,NNG
퀵,NNP
래쉬,NNP
속눈썹,NNG
OK,SL
근육통,NNG
완화,NNG
동전,NNG
등급,NNG
렉,NNP
풋,NNG
아임,NNP
파인,NNP
미,VV
바,EC
RX,SL
피오레,NNG
전지현,NNP
베리,NNP
솔,NNP
중,NNB
탕기,NNG
손목,NNG
혈압계,NNG
CBP,SL
160,SN
박피,NNG
접이식,NNP
경추,NNG
베개,NNG
AAA,SL
앵클부츠,NNG
루미,NNP
라피,NNP
노즈,NNP
저,MM
출력,NNG
광선,NNG
조사기,NNG
LN,SL
01,SN
엑사,NNP
슬로푸드,NNG
도라지,NNG
산돌배,NNG
카밀라,NNP
토퍼,NNG
나라,NNG
맛,NNG
밤,NNG
양갱,NNG
란츠,NNP
탕,NNG
포함,NNG
체티,NNP
융,NNG
히팅,NNG
터,NNG
포트,NNG
TR,SL
WK,SL
아르테,NNP
사노,NNP
클로버,NNP
비비,MAG
랩,NNG
FOS,SL
영광군,NNP
대,XPN
장대,NNG
굴비,NNG
남,NNG
살,VV+ETM
월시,NNG
스티커,NNG
실바,NNP
우든,NNG
유,NNP
캐슬,NNP
침실,NNG
거울,NNG
스칸디나비아,NNP
고등어구이,NNG
양모,NNG
클린,NNG
샤워,NNG
디너,NNP
방한화,NNG
르까프,NNP
핫,NNG
멜,VV+ETM
덕,NNG
리모컨,NNG
장갑,NNG
김장용,NNP
오세득,NNP
본,VV+ETM
덤블,NNG
플리스,NNG
문어발,NNG
샤워기,NNG
포항,NNP
구룡포,NNP
과메기,NNG
드레스,NNG
수련,NNG
무릎,NNG
마사,NNG
SR,SL
823,SN
겨울,NNG
LDL,SL
22,SN
DHWJJ,SL
세라,NNP
맥스,NNP
포터블,NNP
원적외선,NNG
전기,NNG
인지,VCP+EC
홍어회,NNG
어성,NNG
WN,SL
피치,VV+EC
이상,NNG
AAC,SL
우소,NNG
머리,NNG
곰탕,NNG
양,MM
방한,NNG
새꼬막,NNG
스트레칭,NNG
GOOD,SL
치킨,VV+ETM
스테이크,NNG
숙찰,NNG
골뱅이,NNG
판초,NNG
엔,NNBC
보온병,NNG
강레오,NNP
탕요,NNG
루시,NNP
헨,NNP
느,NNG
홀리데이,NNP
샤프란,NNP
아우라,NNP
고농,NNG
축,NNG
섬유,NNG
유연제,NNG
신,NNG
씨마,NNP
인터로킹,NNG
GG,SL
핸들,NNG
라지,NNG
마이크로,NNP
플랩,NNG
버버리,NNP
홀,NNP
스페리,NNP
페이톤,NNP
밀,VV
덴,EC
듐,UNKNOWN
스몰,NNP
원더,NNP
플렉스,NNP
래,VCP+EF
늄,NNG
통뼈,NNG
감자탕,NNG
태처,NNP
크롬,NNG
통영,NNG
보물,NNG
냉동,NNG
참굴,NNP
퍼포먼스,NNG
AHC,SL
스킨케어,NNG
링,JKO
톤,NNG
고창,NNG
고구마,NNG
컨,NNP
시크,NNG
마크,NNG
글,NNG
로우,XSA
셀렉,NNP
뚝배기,NNG
쿠커,NNP
캐리,NNG
올,NNG
마이클코어스,NNP
소피아,NNP
젯,NNP
셋,NR
아이템,NNG
레더,NNG
고데,NNG
롤,JKB
자이언트,NNP
랍,NNP
스터,NNP
크래커,NNG
피부,NNG
약방,NNG
오리진,NNP
저스트,NNP
마이,NNP
슬,VV+ETM
리머,NNG
옥,NNG
샘쿡,NNP
T,SL
RF,SL
9003,SN
9203,SN
시카고,NNP
p,SL
3020,SN
WWD,SL
식탁,NNG
앤,NNG+VCP+ETM
김,NNB
레나,NNP
폭,NNG
스퍼,NNG
산머루,NNG
농원,NNG
머루,NNG
도깨비,NNG
하루,NNG
조방,NNG
할매,NNG
낙,NNG
곱새,NNG
램프,NNG
회전,NNG
잭,NNG
필드,NNG
바비리스,NNP
채,NNBC
KT,SL
휴대폰,NNG
갤럭시,NNP
노트,NNG
DB,SL
손해,NNG
보험,NNG
참,MAG
좋,VA
운전자,NNG
1912,SN
1004,SN
최저가,NNG
기간,NNG
돔,NNG
39,SN
궁,NNP
황칠,NNG
오메기,NNG
호박,NNG
변기,NNG
세정제,NNG
AI,SL
ThinQ,SL
인공지능,NNP
씽,NNP
7850,SN
델,NNB+JKO
디비,VV
손,EC
임오,NNG
케이,XSV+EC+JKS
암,NNG
05,SN
런,NNG
칭,NNG
줄리엣,NNP
자연,NNG
감성,NNG
냉면,NNG
2020,SN
0610,SN
FD,SL
TCOM,SL
현대,NNP
해상,NNP
하,IC
이콜,NNG
상해,VV+EC
09,SN
우아미,NNG
품,NNG
우아미,NNP
오토만,NNG
스툴,NNG
UHDTV,SL
KU,SL
UT,SL
HW,SL
450,SN
팔로모,NNP
아르,NNG
체,NNG
시스루,NNG
특유,NNG
취,NNG
제거,NNG
액체,NNG
세제,NNG
버팔로,NNP
캠핑,NNG
쿨러,NNP
프린팅,NNG
윈,NNP
큘레,NNP
이터,NNP
BKF,SL
435,SN
AXA,SL
해초,NNG
미인,NNG
다시마,NNG
국수,NNG
제스,NNP
프리,NNP
키위,NNG
과,NNG
렌탈,NNP
케어,NNP
정수기,NNP
로션,NNG
별미,NNG
김치,NNG
v,SL
다드,NNP
마르조,NNP
로아,NNP
질리,NNP
도로시,NNP
럽,NNP
재클린,NNP
새치,NNG
염색,NNG
클립,NNG
건조,NNG
우럭,NNG
프리모,NNG
지나,NNP
송,NNP
로사,NNG
웨딩,NNG
이중,NNG
신일,NNG
써,VV+EC
SIF,SL
PC,SL
DCC,SL
TPO,SL
비비고,NNP
만두,NNG
*[,SY
맥널티,NNP
핸드,NNG
드립,NNG
커피포트,NNG
보디가드,NNG
먹자,NNG
족,NNG
선생,NNG
차콜,NNG
풋,XPN
화재,NNG
천만,NR
1907,SN
종이,NNG
호일,NNG
깍두기,NNG
동해안,NNP
예작,NNG
엣지,NNG
매립,NNG
압력솥,NNG
창문,NNG
하트,NNG
삼각,NNG
로고,VCP+EC
0232,SN
DBK,SL
DWH,SL
AMC,SL
VA,SL
SAWGH,SL
SAW,SL
음식물,NNG
처리,NNG
MKRA,SL
DTB,SL
엘모어,NNP
톰포드,NNP
행복,NNG
파트너,NNG
주택,NNG
윤,NNG
안동,NNG
프로스펙스,NNP
끌,NNG
킬,XSV+ETN+JKO
포어,NR
모공,NNG
관리,NNG
찬스,NNG
33,SN
LD,SL
신일,NNP
이동식,NNP
중,NNG
베,NNG
르투,NNP
법성포,NNP
와플,NNG
실루엣,NNG
홑이불,NNG
안마기,NNG
삭스,NNP
제오,NNP
나누,VV
담,EC
글리터,NNP
프리지아,NNP
안단티노,NNG
솝,NNG
베리,NNG
49800,SN
프라임,NNP
메로,NNG
특제,NNG
명가,NNG
반야월,NNP
뒷,MM
고기,NNG
돈,NNG
벨리,NNP
cm,SL
리미,NNP
슬리,NNP
미라,NNG
QISS,SL
프리미어,NNP
아침,NNG
끌리,VV
다,EC
마시,VV
끼,NNBC
42,SN
할,VV+ETM
리마리,NNP
클라우드,NNP
추억,NNG
치포,NNG
서비스,NNG
얼음,NNG
정수기,NNG
큘레이,NNP
5774,SN
WZRT,SL
SFN,SL
GABL,SL
절전,NNG
WZT,SL
마음심,NNG
은,JX
막창,NNG
AIG,SL
시니어,NNP
치매,NNG
레키,NNP
1300,SN
자석,NNG
180,SN
ver,SL
.,SF
나무,NNG
패밀리,NNG
블롬,NNP
베르크,NNP
보노,NNP
BKPF,SL
AC,SL
150,SN
헨리,NNP
반바지,NNG
돌침대,NNG
로젠,NNP
벤트리,NNP
MD,SL
해피,NNG
자유,NNG
숙박,NNG
권,XSN
임,NNP
화자,NNG
육포,NNG
프리드,NNP
상조,NNG
주원,NNG
싸,VV+EC
오리,NNG
슬라이스,NNG
예,IC
로럴,NNP
공간,NNG
대중,NNG
종합,NNG
토,NNP
오픈,NNG
부티,NNG
에브리,NNP
빙,NNG
쿨,MAG
잠,MAG
위니,NNP
LRV,SL
CLH,SL
셰퍼,NNP
Wells,SL
엑스,NNP
독일,NNP
지니어스,NNP
정품,NNG
채칼,NNG
이숙,NNG
한스,NNP
데코,NNP
샤,NNG
햇,VV+EP
당,XSN
서산,NNP
뜸부기,NNG
新,XPN
귤,NNG
당도,NNG
선별,NNG
감귤,NNG
전용,NNG
철제,NNG
거치대,NNG
바베큐,NNG
캣,NNP
쉴,VV+ETM
렉스,NNG
여,NNG
수순,NNG
레비,NNP
노블,NNP
차단,NNG
페리엘리스,NNP
YOUTH,SL
질통,NNG
동양,NNG
생명,NNG
하나,NR
체증,NNG
사니,NNG
모델,NNG
GFGB,SL
신모,NNG
페라,NNP
가모,NNG
치,VV
쥬얼리,NNP
생로랑,NNP
드,VV
쥬,EC
마틀라세,NNG
YSL,SL
로고,NNG
로라,NNG
생활비,NNG
받,VV
넥센타이어,NNP
상담,NNG
상품,NNG
두,MM
단순,NNG
휴대,NNG
여수,NNP
돌산,NNG
러너,NNP
입직,NNG
장어구이,NNG
아이스크림,NNG
필링,NNG
볼레,NNG
티타늄,NNG
진도,NNG
기,VCP+ETN
활,NNBC
전복,NNG
핑기,NNG
갓,MAG
바위,NNG
대천,NNG
김,NNP
도시락,NNG
전장,NNG
아룬,NNP
왓,NNG
라텍스,NNG
왓,VV+EP
배,NNG
개,NNG
산골,NNG
더덕,NNG
펫,NNP
밀리,VV
해,VV+EC
뜰,VV+ETM
찬,VA+ETM
수도,NNG
119,SN
양평,NNG
해장국,NNG
999,SN
뱅글,MAG
링크,NNG
녹두,NNG
죽,MAG
아놀드,NNP
파마,NNP
